{
  "urls": [
    "ch3.mp3",
    "ch3.ogg",
    "ch3.m4a"
  ],
  "sprite": {
    "silence": [
      0,
      1000,
      true
    ],
    "BetMax": [
      1050,
      2569.546485260771
    ],
    "Click1": [
      4100,
      86.3492063492064
    ],
    "LineMatchWild": [
      5149.999999999999,
      1287.981859410431
    ]
  }
}