{
  "urls": [
    "ch2.mp3",
    "ch2.ogg",
    "ch2.m4a"
  ],
  "sprite": {
    "silence": [
      0,
      1000,
      true
    ],
    "BetUp": [
      1050,
      2308.956916099773
    ],
    "FreeSpinsTransition": [
      4100,
      2336.643990929705
    ],
    "LineMatch01": [
      7149.999999999999,
      1999.999999999999
    ]
  }
}