{
  "urls": [
    "ch4.mp3",
    "ch4.ogg",
    "ch4.m4a"
  ],
  "sprite": {
    "silence": [
      0,
      1000,
      true
    ],
    "ButtonPlay": [
      1050,
      3546.1678004535147
    ],
    "Click2": [
      5100,
      127.57369614512459
    ],
    "LineNumbershighlight": [
      6149.999999999999,
      1272.0861678004533
    ],
    "PlayAgainButton": [
      8200,
      400.00000000000034
    ]
  }
}