{
  "urls": [
    "ch1.mp3",
    "ch1.ogg",
    "ch1.m4a"
  ],
  "sprite": {
    "silence": [
      0,
      1000,
      true
    ],
    "BetDown": [
      1050,
      2215.5102040816328
    ],
    "MusicTermLose": [
      4100,
      2250
    ],
    "MusicTermWin": [
      7149.999999999999,
      2249.999999999999
    ]
  }
}