{
  "urls": [
    "ch8.mp3",
    "ch8.ogg",
    "ch8.m4a"
  ],
  "sprite": {
    "silence": [
      0,
      1000,
      true
    ],
    "PrizeBoxReveal": [
      1050,
      1562.4943310657595
    ],
    "WinPopUp": [
      3099.9999999999995,
      600.0000000000001
    ]
  }
}